{
    "key": "group_603a22dd443a6",
    "title": "فروشگاه \/ دسته بندی",
    "fields": [
        {
            "key": "field_60365a96ed6c8",
            "label": "بنر بزرگ بالای صفحه",
            "name": "top-wide-banners",
            "type": "repeater",
            "instructions": "",
            "required": 0,
            "conditional_logic": 0,
            "wrapper": {
                "width": "",
                "class": "",
                "id": ""
            },
            "collapsed": "field_6035fc47d5bde",
            "min": 0,
            "max": 1,
            "layout": "block",
            "button_label": "",
            "sub_fields": [
                {
                    "key": "field_6035fc47d5bde",
                    "label": "تصویر",
                    "name": "image",
                    "type": "image",
                    "instructions": "",
                    "required": 0,
                    "conditional_logic": 0,
                    "wrapper": {
                        "width": "",
                        "class": "",
                        "id": ""
                    },
                    "return_format": "array",
                    "preview_size": "full",
                    "library": "all",
                    "min_width": 951,
                    "min_height": 323,
                    "min_size": "",
                    "max_width": 951,
                    "max_height": 323,
                    "max_size": "",
                    "mime_types": ""
                },
                {
                    "key": "field_6035fcbcd5bdf",
                    "label": "لینک",
                    "name": "url",
                    "type": "url",
                    "instructions": "",
                    "required": 0,
                    "conditional_logic": 0,
                    "wrapper": {
                        "width": "",
                        "class": "",
                        "id": ""
                    },
                    "default_value": "",
                    "placeholder": ""
                }
            ]
        },
        {
            "key": "field_60365a56ed6c7",
            "label": "بنرهای کوچک سایدبار",
            "name": "sidebar-small-banners",
            "type": "repeater",
            "instructions": "",
            "required": 0,
            "conditional_logic": 0,
            "wrapper": {
                "width": "",
                "class": "",
                "id": ""
            },
            "collapsed": "field_60365b5aed6cc",
            "min": 0,
            "max": 2,
            "layout": "row",
            "button_label": "",
            "sub_fields": [
                {
                    "key": "field_60365b5aed6cc",
                    "label": "تصویر",
                    "name": "image",
                    "type": "image",
                    "instructions": "",
                    "required": 0,
                    "conditional_logic": 0,
                    "wrapper": {
                        "width": "",
                        "class": "",
                        "id": ""
                    },
                    "return_format": "array",
                    "preview_size": "full",
                    "library": "all",
                    "min_width": 296,
                    "min_height": "",
                    "min_size": "",
                    "max_width": 296,
                    "max_height": "",
                    "max_size": "",
                    "mime_types": ""
                },
                {
                    "key": "field_60365b8ded6cd",
                    "label": "لینک",
                    "name": "url",
                    "type": "url",
                    "instructions": "",
                    "required": 0,
                    "conditional_logic": 0,
                    "wrapper": {
                        "width": "",
                        "class": "",
                        "id": ""
                    },
                    "default_value": "",
                    "placeholder": ""
                }
            ]
        }
    ],
    "location": [
        [
            {
                "param": "taxonomy",
                "operator": "==",
                "value": "product_cat"
            }
        ]
    ],
    "menu_order": 0,
    "position": "normal",
    "style": "default",
    "label_placement": "top",
    "instruction_placement": "label",
    "hide_on_screen": "",
    "active": true,
    "description": "",
    "modified": 1628317733
}