{
    "key": "group_617e84c3d0137",
    "title": "اسکیما",
    "fields": [
        {
            "key": "field_61d3fd8d98a65",
            "label": "ویدیو",
            "name": "",
            "type": "tab",
            "instructions": "",
            "required": 0,
            "conditional_logic": 0,
            "wrapper": {
                "width": "",
                "class": "",
                "id": ""
            },
            "placement": "top",
            "endpoint": 0
        },
        {
            "key": "field_617e8960c1e92",
            "label": "آدرس ویدئو",
            "name": "contentUrl",
            "type": "url",
            "instructions": "آدرس ویدئو مورد نظر را به صورت کامل وارد نمایید.",
            "required": 0,
            "conditional_logic": 0,
            "wrapper": {
                "width": "",
                "class": "",
                "id": ""
            },
            "default_value": "",
            "placeholder": "https:\/\/"
        },
        {
            "key": "field_617ea3355736f",
            "label": "عکس کاور",
            "name": "thumbnailUrl",
            "type": "url",
            "instructions": "آدرس عکس کاور ویدئو مورد نظر را به صورت کامل وارد نمایید.",
            "required": 0,
            "conditional_logic": 0,
            "wrapper": {
                "width": "",
                "class": "",
                "id": ""
            },
            "default_value": "",
            "placeholder": "https:\/\/"
        },
        {
            "key": "field_617ea44857370",
            "label": "مدت زمان ویدئو",
            "name": "duration",
            "type": "text",
            "instructions": "مدت زمان ویدئو مربوطه را طبق نمونه ( PT1H22M54S ) وارد نمایید.",
            "required": 0,
            "conditional_logic": 0,
            "wrapper": {
                "width": "",
                "class": "",
                "id": ""
            },
            "default_value": "",
            "placeholder": "PT",
            "prepend": "",
            "append": "",
            "maxlength": 15
        },
        {
            "key": "field_61d3fda298a66",
            "label": "FAQ",
            "name": "",
            "type": "tab",
            "instructions": "",
            "required": 0,
            "conditional_logic": 0,
            "wrapper": {
                "width": "",
                "class": "",
                "id": ""
            },
            "placement": "top",
            "endpoint": 0
        },
        {
            "key": "field_61d3fdc598a67",
            "label": "افزودن اسکیما FAQ",
            "name": "faqextra",
            "type": "repeater",
            "instructions": "سوال و پاسخ خود را در این قسمت وارد نمایید.",
            "required": 0,
            "conditional_logic": 0,
            "wrapper": {
                "width": "",
                "class": "",
                "id": ""
            },
            "collapsed": "",
            "min": 0,
            "max": 5,
            "layout": "row",
            "button_label": "",
            "sub_fields": [
                {
                    "key": "field_61d3fe0498a68",
                    "label": "سوال",
                    "name": "question",
                    "type": "text",
                    "instructions": "یک سوال وارد نمایید.",
                    "required": 0,
                    "conditional_logic": 0,
                    "wrapper": {
                        "width": "",
                        "class": "",
                        "id": ""
                    },
                    "default_value": "",
                    "placeholder": "",
                    "prepend": "",
                    "append": "",
                    "maxlength": ""
                },
                {
                    "key": "field_61d3fe2398a69",
                    "label": "پاسخ",
                    "name": "answer",
                    "type": "text",
                    "instructions": "پاسخ را وارد نمایید.",
                    "required": 0,
                    "conditional_logic": 0,
                    "wrapper": {
                        "width": "",
                        "class": "",
                        "id": ""
                    },
                    "default_value": "",
                    "placeholder": "",
                    "prepend": "",
                    "append": "",
                    "maxlength": ""
                }
            ]
        }
    ],
    "location": [
        [
            {
                "param": "post_type",
                "operator": "==",
                "value": "product"
            }
        ],
        [
            {
                "param": "taxonomy",
                "operator": "==",
                "value": "product_cat"
            }
        ],
        [
            {
                "param": "taxonomy",
                "operator": "==",
                "value": "product_brand"
            }
        ]
    ],
    "menu_order": 0,
    "position": "normal",
    "style": "default",
    "label_placement": "top",
    "instruction_placement": "label",
    "hide_on_screen": "",
    "active": true,
    "description": "",
    "show_in_rest": 0,
    "modified": 1641283209
}