{
    "key": "group_604619ff66fb7",
    "title": "دسته بندی \/ برندها",
    "fields": [
        {
            "key": "field_60461a0cb7244",
            "label": "بنرهای بالای صفحه",
            "name": "brand-top-banners",
            "type": "repeater",
            "instructions": "",
            "required": 0,
            "conditional_logic": 0,
            "wrapper": {
                "width": "",
                "class": "",
                "id": ""
            },
            "collapsed": "field_60461a74b7245",
            "min": 0,
            "max": 2,
            "layout": "table",
            "button_label": "",
            "sub_fields": [
                {
                    "key": "field_60461a74b7245",
                    "label": "تصویر",
                    "name": "image",
                    "type": "image",
                    "instructions": "",
                    "required": 0,
                    "conditional_logic": 0,
                    "wrapper": {
                        "width": "",
                        "class": "",
                        "id": ""
                    },
                    "return_format": "array",
                    "preview_size": "full",
                    "library": "all",
                    "min_width": 625,
                    "min_height": 427,
                    "min_size": "",
                    "max_width": 625,
                    "max_height": 427,
                    "max_size": "",
                    "mime_types": ""
                },
                {
                    "key": "field_60461a99b7246",
                    "label": "پیوند",
                    "name": "url",
                    "type": "url",
                    "instructions": "",
                    "required": 0,
                    "conditional_logic": 0,
                    "wrapper": {
                        "width": "",
                        "class": "",
                        "id": ""
                    },
                    "default_value": "",
                    "placeholder": ""
                }
            ]
        },
        {
            "key": "field_60461bc2a1ca5",
            "label": "بنرهای پایین صفحه",
            "name": "brand-bottom-banners",
            "type": "repeater",
            "instructions": "",
            "required": 0,
            "conditional_logic": 0,
            "wrapper": {
                "width": "",
                "class": "",
                "id": ""
            },
            "collapsed": "field_60461a74b7245",
            "min": 0,
            "max": 2,
            "layout": "table",
            "button_label": "",
            "sub_fields": [
                {
                    "key": "field_60461bc2a1ca6",
                    "label": "تصویر",
                    "name": "image",
                    "type": "image",
                    "instructions": "",
                    "required": 0,
                    "conditional_logic": 0,
                    "wrapper": {
                        "width": "",
                        "class": "",
                        "id": ""
                    },
                    "return_format": "array",
                    "preview_size": "full",
                    "library": "all",
                    "min_width": 625,
                    "min_height": 180,
                    "min_size": "",
                    "max_width": 625,
                    "max_height": 180,
                    "max_size": "",
                    "mime_types": ""
                },
                {
                    "key": "field_60461bc2a1ca7",
                    "label": "پیوند",
                    "name": "url",
                    "type": "url",
                    "instructions": "",
                    "required": 0,
                    "conditional_logic": 0,
                    "wrapper": {
                        "width": "",
                        "class": "",
                        "id": ""
                    },
                    "default_value": "",
                    "placeholder": ""
                }
            ]
        }
    ],
    "location": [
        [
            {
                "param": "taxonomy",
                "operator": "==",
                "value": "product_brand"
            }
        ]
    ],
    "menu_order": 0,
    "position": "normal",
    "style": "default",
    "label_placement": "top",
    "instruction_placement": "label",
    "hide_on_screen": "",
    "active": true,
    "description": "",
    "modified": 1628317741
}